ano,mes,estado,precipitacao_mm
2015,1,AC,326.7
2015,1,AM,319.2
2015,1,AP,260.0
2015,1,PA,386.9
2015,1,RO,474.5
2015,1,RR,434.2
2015,1,TO,455.3
2015,1,AL,85.1
2015,1,BA,174.2
2015,1,CE,162.7
2015,1,MA,159.2
2015,1,PB,161.1
2015,1,PE,172.3
2015,1,PI,132.5
2015,1,RN,97.3
2015,1,SE,140.0
2015,1,GO,286.6
2015,1,MS,285.7
2015,1,MT,244.1
2015,1,ES,136.2
2015,1,MG,186.6
2015,1,RJ,278.0
2015,1,SP,222.1
2015,1,PR,263.9
2015,1,RS,208.7
2015,1,SC,229.1
2015,2,AC,526.5
2015,2,AM,453.3
2015,2,AP,492.0
2015,2,PA,385.4
2015,2,RO,441.7
2015,2,RR,319.5
2015,2,TO,465.7
2015,2,AL,120.6
2015,2,BA,122.1
2015,2,CE,143.3
2015,2,MA,172.7
2015,2,PB,83.4
2015,2,PE,161.3
2015,2,PI,106.7
2015,2,RN,122.3
2015,2,SE,79.0
2015,2,GO,201.8
2015,2,MS,240.5
2015,2,MT,154.8
2015,2,ES,206.5
2015,2,MG,279.1
2015,2,RJ,142.3
2015,2,SP,252.0
2015,2,PR,237.5
2015,2,RS,287.8
2015,2,SC,206.9
2015,3,AC,291.0
2015,3,AM,291.3
2015,3,AP,262.6
2015,3,PA,299.4
2015,3,RO,452.6
2015,3,RR,522.1
2015,3,TO,500.5
2015,3,AL,147.0
2015,3,BA,88.1
2015,3,CE,106.4
2015,3,MA,108.5
2015,3,PB,102.4
2015,3,PE,129.5
2015,3,PI,131.6
2015,3,RN,113.3
2015,3,SE,113.0
2015,3,GO,303.1
2015,3,MS,295.5
2015,3,MT,203.1
2015,3,ES,276.9
2015,3,MG,283.3
2015,3,RJ,179.2
2015,3,SP,183.8
2015,3,PR,257.2
2015,3,RS,346.3
2015,3,SC,333.1
2015,4,AC,170.5
2015,4,AM,228.5
2015,4,AP,260.7
2015,4,PA,250.6
2015,4,RO,188.8
2015,4,RR,321.8
2015,4,TO,285.4
2015,4,AL,101.6
2015,4,BA,103.0
2015,4,CE,95.9
2015,4,MA,76.1
2015,4,PB,87.1
2015,4,PE,58.3
2015,4,PI,91.1
2015,4,RN,59.5
2015,4,SE,92.4
2015,4,GO,117.6
2015,4,MS,104.1
2015,4,MT,109.8
2015,4,ES,78.2
2015,4,MG,152.7
2015,4,RJ,154.2
2015,4,SP,131.6
2015,4,PR,116.7
2015,4,RS,106.7
2015,4,SC,98.4
2015,5,AC,183.1
2015,5,AM,328.2
2015,5,AP,198.3
2015,5,PA,220.9
2015,5,RO,171.1
2015,5,RR,194.5
2015,5,TO,253.8
2015,5,AL,86.9
2015,5,BA,63.7
2015,5,CE,51.7
2015,5,MA,73.0
2015,5,PB,63.0
2015,5,PE,62.1
2015,5,PI,109.4
2015,5,RN,87.4
2015,5,SE,83.6
2015,5,GO,139.9
2015,5,MS,141.5
2015,5,MT,154.9
2015,5,ES,150.4
2015,5,MG,151.0
2015,5,RJ,95.9
2015,5,SP,130.0
2015,5,PR,148.7
2015,5,RS,207.4
2015,5,SC,176.8
2015,6,AC,128.3
2015,6,AM,86.5
2015,6,AP,135.6
2015,6,PA,86.7
2015,6,RO,108.7
2015,6,RR,89.3
2015,6,TO,144.2
2015,6,AL,30.6
2015,6,BA,36.5
2015,6,CE,52.7
2015,6,MA,30.5
2015,6,PB,40.2
2015,6,PE,37.4
2015,6,PI,24.6
2015,6,RN,49.4
2015,6,SE,26.2
2015,6,GO,73.5
2015,6,MS,78.6
2015,6,MT,82.7
2015,6,ES,74.8
2015,6,MG,52.2
2015,6,RJ,39.5
2015,6,SP,76.6
2015,6,PR,82.3
2015,6,RS,101.5
2015,6,SC,100.6
2015,7,AC,159.3
2015,7,AM,123.5
2015,7,AP,108.4
2015,7,PA,154.2
2015,7,RO,120.1
2015,7,RR,93.3
2015,7,TO,160.5
2015,7,AL,52.2
2015,7,BA,38.9
2015,7,CE,26.4
2015,7,MA,36.4
2015,7,PB,49.7
2015,7,PE,52.9
2015,7,PI,30.5
2015,7,RN,26.1
2015,7,SE,52.1
2015,7,GO,68.4
2015,7,MS,77.5
2015,7,MT,103.1
2015,7,ES,42.5
2015,7,MG,72.7
2015,7,RJ,42.9
2015,7,SP,58.5
2015,7,PR,99.4
2015,7,RS,75.7
2015,7,SC,111.8
2015,8,AC,130.9
2015,8,AM,107.1
2015,8,AP,97.0
2015,8,PA,110.1
2015,8,RO,112.3
2015,8,RR,81.9
2015,8,TO,112.0
2015,8,AL,38.9
2015,8,BA,47.1
2015,8,CE,45.0
2015,8,MA,46.7
2015,8,PB,24.3
2015,8,PE,31.0
2015,8,PI,45.2
2015,8,RN,39.5
2015,8,SE,24.2
2015,8,GO,93.3
2015,8,MS,91.4
2015,8,MT,77.9
2015,8,ES,42.5
2015,8,MG,78.9
2015,8,RJ,69.4
2015,8,SP,79.7
2015,8,PR,96.1
2015,8,RS,99.4
2015,8,SC,81.2
2015,9,AC,178.1
2015,9,AM,284.2
2015,9,AP,274.1
2015,9,PA,298.5
2015,9,RO,184.0
2015,9,RR,189.0
2015,9,TO,328.1
2015,9,AL,96.0
2015,9,BA,106.1
2015,9,CE,96.6
2015,9,MA,86.2
2015,9,PB,89.9
2015,9,PE,104.9
2015,9,PI,85.0
2015,9,RN,88.5
2015,9,SE,58.0
2015,9,GO,146.9
2015,9,MS,176.0
2015,9,MT,122.5
2015,9,ES,99.0
2015,9,MG,110.6
2015,9,RJ,103.1
2015,9,SP,100.4
2015,9,PR,150.4
2015,9,RS,212.2
2015,9,SC,160.9
2015,10,AC,187.6
2015,10,AM,165.4
2015,10,AP,289.2
2015,10,PA,226.6
2015,10,RO,314.4
2015,10,RR,281.9
2015,10,TO,309.2
2015,10,AL,65.4
2015,10,BA,92.3
2015,10,CE,64.9
2015,10,MA,108.1
2015,10,PB,88.7
2015,10,PE,68.8
2015,10,PI,65.2
2015,10,RN,60.2
2015,10,SE,92.5
2015,10,GO,116.2
2015,10,MS,161.4
2015,10,MT,121.8
2015,10,ES,146.8
2015,10,MG,162.8
2015,10,RJ,158.9
2015,10,SP,157.1
2015,10,PR,120.0
2015,10,RS,107.3
2015,10,SC,185.5
2015,11,AC,223.7
2015,11,AM,236.5
2015,11,AP,156.2
2015,11,PA,201.9
2015,11,RO,156.7
2015,11,RR,325.8
2015,11,TO,198.7
2015,11,AL,83.7
2015,11,BA,50.5
2015,11,CE,90.7
2015,11,MA,68.7
2015,11,PB,105.5
2015,11,PE,104.8
2015,11,PI,68.8
2015,11,RN,105.7
2015,11,SE,111.8
2015,11,GO,189.0
2015,11,MS,191.4
2015,11,MT,119.9
2015,11,ES,138.0
2015,11,MG,85.0
2015,11,RJ,87.9
2015,11,SP,181.9
2015,11,PR,137.8
2015,11,RS,191.8
2015,11,SC,199.3
2015,12,AC,514.6
2015,12,AM,559.2
2015,12,AP,317.3
2015,12,PA,252.9
2015,12,RO,371.6
2015,12,RR,281.6
2015,12,TO,247.2
2015,12,AL,113.7
2015,12,BA,157.1
2015,12,CE,134.8
2015,12,MA,108.8
2015,12,PB,143.8
2015,12,PE,100.6
2015,12,PI,78.3
2015,12,RN,155.1
2015,12,SE,140.7
2015,12,GO,290.4
2015,12,MS,151.5
2015,12,MT,304.7
2015,12,ES,227.9
2015,12,MG,218.5
2015,12,RJ,228.7
2015,12,SP,268.6
2015,12,PR,273.8
2015,12,RS,272.6
2015,12,SC,356.5
2016,1,AC,482.2
2016,1,AM,381.5
2016,1,AP,466.4
2016,1,PA,364.6
2016,1,RO,313.2
2016,1,RR,431.0
2016,1,TO,537.0
2016,1,AL,171.9
2016,1,BA,111.8
2016,1,CE,130.8
2016,1,MA,98.5
2016,1,PB,178.8
2016,1,PE,177.3
2016,1,PI,143.3
2016,1,RN,159.2
2016,1,SE,150.0
2016,1,GO,257.9
2016,1,MS,154.2
2016,1,MT,231.3
2016,1,ES,237.1
2016,1,MG,237.5
2016,1,RJ,186.9
2016,1,SP,281.5
2016,1,PR,187.9
2016,1,RS,256.1
2016,1,SC,295.1
2016,2,AC,463.1
2016,2,AM,447.6
2016,2,AP,328.1
2016,2,PA,290.0
2016,2,RO,443.5
2016,2,RR,431.8
2016,2,TO,297.4
2016,2,AL,149.0
2016,2,BA,123.4
2016,2,CE,145.2
2016,2,MA,162.5
2016,2,PB,94.2
2016,2,PE,78.8
2016,2,PI,156.6
2016,2,RN,139.2
2016,2,SE,148.4
2016,2,GO,304.9
2016,2,MS,298.1
2016,2,MT,328.5
2016,2,ES,214.0
2016,2,MG,206.1
2016,2,RJ,191.7
2016,2,SP,150.4
2016,2,PR,270.9
2016,2,RS,210.3
2016,2,SC,342.3
2016,3,AC,426.6
2016,3,AM,429.7
2016,3,AP,353.6
2016,3,PA,256.6
2016,3,RO,250.2
2016,3,RR,375.5
2016,3,TO,267.1
2016,3,AL,138.9
2016,3,BA,167.0
2016,3,CE,167.2
2016,3,MA,144.3
2016,3,PB,98.4
2016,3,PE,165.2
2016,3,PI,167.5
2016,3,RN,96.9
2016,3,SE,152.3
2016,3,GO,199.0
2016,3,MS,298.1
2016,3,MT,335.5
2016,3,ES,129.8
2016,3,MG,274.1
2016,3,RJ,228.4
2016,3,SP,286.8
2016,3,PR,248.8
2016,3,RS,327.1
2016,3,SC,166.4
2016,4,AC,217.1
2016,4,AM,163.4
2016,4,AP,345.1
2016,4,PA,313.4
2016,4,RO,320.5
2016,4,RR,337.6
2016,4,TO,167.0
2016,4,AL,72.7
2016,4,BA,52.5
2016,4,CE,61.5
2016,4,MA,62.7
2016,4,PB,78.0
2016,4,PE,65.2
2016,4,PI,54.5
2016,4,RN,58.7
2016,4,SE,57.4
2016,4,GO,206.8
2016,4,MS,181.1
2016,4,MT,206.1
2016,4,ES,123.7
2016,4,MG,107.0
2016,4,RJ,161.0
2016,4,SP,111.9
2016,4,PR,134.3
2016,4,RS,125.8
2016,4,SC,112.6
2016,5,AC,201.3
2016,5,AM,221.1
2016,5,AP,284.8
2016,5,PA,162.5
2016,5,RO,192.1
2016,5,RR,311.8
2016,5,TO,179.4
2016,5,AL,69.9
2016,5,BA,103.3
2016,5,CE,57.9
2016,5,MA,53.3
2016,5,PB,79.0
2016,5,PE,67.4
2016,5,PI,84.1
2016,5,RN,99.4
2016,5,SE,56.8
2016,5,GO,159.7
2016,5,MS,150.7
2016,5,MT,107.3
2016,5,ES,142.9
2016,5,MG,106.5
2016,5,RJ,128.7
2016,5,SP,86.6
2016,5,PR,154.8
2016,5,RS,135.2
2016,5,SC,201.3
2016,6,AC,80.7
2016,6,AM,116.9
2016,6,AP,120.8
2016,6,PA,147.5
2016,6,RO,132.4
2016,6,RR,141.7
2016,6,TO,152.7
2016,6,AL,51.6
2016,6,BA,34.0
2016,6,CE,41.2
2016,6,MA,50.9
2016,6,PB,55.7
2016,6,PE,52.5
2016,6,PI,35.9
2016,6,RN,30.2
2016,6,SE,39.7
2016,6,GO,89.5
2016,6,MS,74.6
2016,6,MT,74.0
2016,6,ES,82.6
2016,6,MG,57.8
2016,6,RJ,83.7
2016,6,SP,60.2
2016,6,PR,69.0
2016,6,RS,77.1
2016,6,SC,96.8
2016,7,AC,87.6
2016,7,AM,94.6
2016,7,AP,170.1
2016,7,PA,92.5
2016,7,RO,131.8
2016,7,RR,132.9
2016,7,TO,124.0
2016,7,AL,44.6
2016,7,BA,31.4
2016,7,CE,41.7
2016,7,MA,35.9
2016,7,PB,45.2
2016,7,PE,28.5
2016,7,PI,42.3
2016,7,RN,29.9
2016,7,SE,32.9
2016,7,GO,58.1
2016,7,MS,56.0
2016,7,MT,94.5
2016,7,ES,53.9
2016,7,MG,87.2
2016,7,RJ,89.4
2016,7,SP,68.7
2016,7,PR,57.2
2016,7,RS,72.0
2016,7,SC,99.1
2016,8,AC,111.7
2016,8,AM,83.7
2016,8,AP,130.7
2016,8,PA,159.5
2016,8,RO,154.6
2016,8,RR,92.5
2016,8,TO,142.3
2016,8,AL,31.1
2016,8,BA,31.0
2016,8,CE,52.0
2016,8,MA,32.0
2016,8,PB,32.4
2016,8,PE,24.0
2016,8,PI,51.9
2016,8,RN,49.4
2016,8,SE,44.1
2016,8,GO,90.0
2016,8,MS,54.1
2016,8,MT,72.5
2016,8,ES,57.3
2016,8,MG,43.9
2016,8,RJ,64.3
2016,8,SP,86.9
2016,8,PR,50.6
2016,8,RS,66.7
2016,8,SC,61.3
2016,9,AC,197.6
2016,9,AM,331.7
2016,9,AP,243.6
2016,9,PA,243.3
2016,9,RO,302.1
2016,9,RR,180.9
2016,9,TO,247.5
2016,9,AL,75.5
2016,9,BA,86.2
2016,9,CE,112.0
2016,9,MA,97.2
2016,9,PB,73.5
2016,9,PE,101.0
2016,9,PI,58.9
2016,9,RN,49.9
2016,9,SE,61.1
2016,9,GO,130.8
2016,9,MS,151.3
2016,9,MT,163.8
2016,9,ES,172.7
2016,9,MG,131.0
2016,9,RJ,130.1
2016,9,SP,83.2
2016,9,PR,100.5
2016,9,RS,166.5
2016,9,SC,152.1
2016,10,AC,317.8
2016,10,AM,182.1
2016,10,AP,155.0
2016,10,PA,239.8
2016,10,RO,197.5
2016,10,RR,159.9
2016,10,TO,294.9
2016,10,AL,55.1
2016,10,BA,86.9
2016,10,CE,66.0
2016,10,MA,59.1
2016,10,PB,72.3
2016,10,PE,99.3
2016,10,PI,73.1
2016,10,RN,96.0
2016,10,SE,56.0
2016,10,GO,182.7
2016,10,MS,118.4
2016,10,MT,171.3
2016,10,ES,136.8
2016,10,MG,174.6
2016,10,RJ,118.3
2016,10,SP,84.9
2016,10,PR,98.5
2016,10,RS,201.8
2016,10,SC,163.2
2016,11,AC,305.0
2016,11,AM,196.9
2016,11,AP,219.0
2016,11,PA,156.0
2016,11,RO,342.3
2016,11,RR,283.6
2016,11,TO,336.6
2016,11,AL,65.0
2016,11,BA,87.1
2016,11,CE,91.4
2016,11,MA,68.3
2016,11,PB,102.3
2016,11,PE,108.6
2016,11,PI,104.6
2016,11,RN,95.3
2016,11,SE,65.8
2016,11,GO,123.8
2016,11,MS,205.6
2016,11,MT,91.2
2016,11,ES,152.5
2016,11,MG,151.4
2016,11,RJ,142.8
2016,11,SP,181.0
2016,11,PR,135.9
2016,11,RS,139.5
2016,11,SC,106.1
2016,12,AC,381.7
2016,12,AM,323.5
2016,12,AP,349.9
2016,12,PA,507.1
2016,12,RO,539.4
2016,12,RR,299.4
2016,12,TO,359.2
2016,12,AL,171.9
2016,12,BA,83.1
2016,12,CE,86.3
2016,12,MA,93.5
2016,12,PB,137.7
2016,12,PE,92.2
2016,12,PI,175.9
2016,12,RN,122.5
2016,12,SE,128.2
2016,12,GO,191.4
2016,12,MS,234.4
2016,12,MT,271.1
2016,12,ES,249.8
2016,12,MG,250.2
2016,12,RJ,221.0
2016,12,SP,275.3
2016,12,PR,321.0
2016,12,RS,308.6
2016,12,SC,165.0
2017,1,AC,242.2
2017,1,AM,308.0
2017,1,AP,452.3
2017,1,PA,371.6
2017,1,RO,368.8
2017,1,RR,523.1
2017,1,TO,526.6
2017,1,AL,169.9
2017,1,BA,108.9
2017,1,CE,147.6
2017,1,MA,104.6
2017,1,PB,96.3
2017,1,PE,95.7
2017,1,PI,111.8
2017,1,RN,120.8
2017,1,SE,161.9
2017,1,GO,167.0
2017,1,MS,285.1
2017,1,MT,246.0
2017,1,ES,172.7
2017,1,MG,206.8
2017,1,RJ,174.7
2017,1,SP,224.0
2017,1,PR,242.5
2017,1,RS,187.3
2017,1,SC,177.5
2017,2,AC,414.9
2017,2,AM,528.8
2017,2,AP,350.1
2017,2,PA,474.6
2017,2,RO,450.8
2017,2,RR,538.1
2017,2,TO,502.7
2017,2,AL,134.8
2017,2,BA,144.1
2017,2,CE,168.8
2017,2,MA,117.7
2017,2,PB,110.3
2017,2,PE,77.9
2017,2,PI,161.4
2017,2,RN,158.8
2017,2,SE,87.5
2017,2,GO,254.8
2017,2,MS,233.1
2017,2,MT,166.8
2017,2,ES,288.0
2017,2,MG,160.5
2017,2,RJ,136.0
2017,2,SP,223.8
2017,2,PR,304.9
2017,2,RS,160.2
2017,2,SC,288.5
2017,3,AC,410.3
2017,3,AM,273.0
2017,3,AP,295.2
2017,3,PA,421.8
2017,3,RO,334.8
2017,3,RR,540.3
2017,3,TO,502.0
2017,3,AL,177.5
2017,3,BA,103.4
2017,3,CE,176.1
2017,3,MA,121.0
2017,3,PB,112.4
2017,3,PE,82.0
2017,3,PI,82.2
2017,3,RN,147.7
2017,3,SE,123.7
2017,3,GO,187.5
2017,3,MS,261.9
2017,3,MT,192.5
2017,3,ES,220.9
2017,3,MG,184.6
2017,3,RJ,261.8
2017,3,SP,261.4
2017,3,PR,251.4
2017,3,RS,225.4
2017,3,SC,227.9
2017,4,AC,311.1
2017,4,AM,215.6
2017,4,AP,191.8
2017,4,PA,166.9
2017,4,RO,243.3
2017,4,RR,246.4
2017,4,TO,318.2
2017,4,AL,62.2
2017,4,BA,72.4
2017,4,CE,99.7
2017,4,MA,100.7
2017,4,PB,72.6
2017,4,PE,77.4
2017,4,PI,67.4
2017,4,RN,107.7
2017,4,SE,55.6
2017,4,GO,202.0
2017,4,MS,172.1
2017,4,MT,153.8
2017,4,ES,81.4
2017,4,MG,127.5
2017,4,RJ,120.4
2017,4,SP,94.8
2017,4,PR,180.0
2017,4,RS,220.3
2017,4,SC,168.0
2017,5,AC,293.0
2017,5,AM,163.7
2017,5,AP,233.5
2017,5,PA,173.3
2017,5,RO,272.6
2017,5,RR,337.7
2017,5,TO,282.4
2017,5,AL,52.9
2017,5,BA,70.7
2017,5,CE,83.2
2017,5,MA,73.8
2017,5,PB,101.4
2017,5,PE,100.1
2017,5,PI,87.2
2017,5,RN,71.9
2017,5,SE,64.3
2017,5,GO,102.7
2017,5,MS,132.6
2017,5,MT,139.6
2017,5,ES,148.3
2017,5,MG,146.4
2017,5,RJ,85.3
2017,5,SP,119.1
2017,5,PR,119.3
2017,5,RS,116.1
2017,5,SC,201.9
2017,6,AC,79.2
2017,6,AM,116.9
2017,6,AP,91.8
2017,6,PA,162.9
2017,6,RO,130.7
2017,6,RR,98.1
2017,6,TO,125.2
2017,6,AL,47.4
2017,6,BA,54.7
2017,6,CE,31.1
2017,6,MA,52.4
2017,6,PB,53.9
2017,6,PE,53.3
2017,6,PI,44.3
2017,6,RN,44.2
2017,6,SE,36.9
2017,6,GO,90.1
2017,6,MS,76.9
2017,6,MT,85.6
2017,6,ES,61.3
2017,6,MG,77.0
2017,6,RJ,81.9
2017,6,SP,46.6
2017,6,PR,101.3
2017,6,RS,82.6
2017,6,SC,102.1
2017,7,AC,118.1
2017,7,AM,112.9
2017,7,AP,166.5
2017,7,PA,100.1
2017,7,RO,159.4
2017,7,RR,123.4
2017,7,TO,126.4
2017,7,AL,33.9
2017,7,BA,42.3
2017,7,CE,34.4
2017,7,MA,25.3
2017,7,PB,32.7
2017,7,PE,24.2
2017,7,PI,55.3
2017,7,RN,54.9
2017,7,SE,36.6
2017,7,GO,88.7
2017,7,MS,65.7
2017,7,MT,85.3
2017,7,ES,80.9
2017,7,MG,88.2
2017,7,RJ,59.8
2017,7,SP,79.7
2017,7,PR,65.0
2017,7,RS,111.4
2017,7,SC,49.6
2017,8,AC,135.4
2017,8,AM,141.0
2017,8,AP,143.8
2017,8,PA,87.0
2017,8,RO,168.9
2017,8,RR,93.1
2017,8,TO,137.3
2017,8,AL,31.1
2017,8,BA,33.8
2017,8,CE,41.5
2017,8,MA,37.4
2017,8,PB,29.1
2017,8,PE,29.5
2017,8,PI,37.4
2017,8,RN,48.2
2017,8,SE,52.7
2017,8,GO,50.0
2017,8,MS,68.6
2017,8,MT,51.0
2017,8,ES,39.9
2017,8,MG,73.4
2017,8,RJ,70.3
2017,8,SP,47.5
2017,8,PR,63.0
2017,8,RS,49.5
2017,8,SC,101.4
2017,9,AC,344.9
2017,9,AM,177.1
2017,9,AP,196.3
2017,9,PA,323.7
2017,9,RO,335.3
2017,9,RR,233.9
2017,9,TO,160.1
2017,9,AL,50.5
2017,9,BA,84.7
2017,9,CE,73.1
2017,9,MA,49.8
2017,9,PB,85.3
2017,9,PE,48.7
2017,9,PI,98.4
2017,9,RN,67.6
2017,9,SE,50.6
2017,9,GO,160.6
2017,9,MS,137.7
2017,9,MT,206.9
2017,9,ES,134.6
2017,9,MG,106.6
2017,9,RJ,151.8
2017,9,SP,106.2
2017,9,PR,211.7
2017,9,RS,144.0
2017,9,SC,166.4
2017,10,AC,160.1
2017,10,AM,235.2
2017,10,AP,316.5
2017,10,PA,311.1
2017,10,RO,194.9
2017,10,RR,195.2
2017,10,TO,313.5
2017,10,AL,107.5
2017,10,BA,54.1
2017,10,CE,76.8
2017,10,MA,69.6
2017,10,PB,103.7
2017,10,PE,53.3
2017,10,PI,61.5
2017,10,RN,96.2
2017,10,SE,51.3
2017,10,GO,149.1
2017,10,MS,143.1
2017,10,MT,130.1
2017,10,ES,119.0
2017,10,MG,133.1
2017,10,RJ,94.8
2017,10,SP,137.5
2017,10,PR,199.1
2017,10,RS,193.3
2017,10,SC,115.7
2017,11,AC,179.8
2017,11,AM,203.6
2017,11,AP,222.2
2017,11,PA,231.7
2017,11,RO,285.9
2017,11,RR,161.3
2017,11,TO,156.9
2017,11,AL,73.1
2017,11,BA,92.6
2017,11,CE,60.4
2017,11,MA,89.1
2017,11,PB,64.6
2017,11,PE,104.7
2017,11,PI,105.3
2017,11,RN,67.0
2017,11,SE,62.7
2017,11,GO,139.4
2017,11,MS,118.9
2017,11,MT,170.7
2017,11,ES,163.9
2017,11,MG,148.0
2017,11,RJ,163.7
2017,11,SP,119.3
2017,11,PR,116.0
2017,11,RS,190.5
2017,11,SC,142.1
2017,12,AC,454.8
2017,12,AM,326.6
2017,12,AP,266.0
2017,12,PA,557.6
2017,12,RO,290.0
2017,12,RR,556.3
2017,12,TO,552.7
2017,12,AL,158.1
2017,12,BA,144.3
2017,12,CE,136.0
2017,12,MA,165.5
2017,12,PB,106.4
2017,12,PE,124.7
2017,12,PI,140.2
2017,12,RN,118.9
2017,12,SE,120.6
2017,12,GO,207.4
2017,12,MS,252.3
2017,12,MT,307.3
2017,12,ES,158.3
2017,12,MG,280.3
2017,12,RJ,239.5
2017,12,SP,261.8
2017,12,PR,267.5
2017,12,RS,313.2
2017,12,SC,156.9
2018,1,AC,501.9
2018,1,AM,252.8
2018,1,AP,524.8
2018,1,PA,557.4
2018,1,RO,334.1
2018,1,RR,307.3
2018,1,TO,484.9
2018,1,AL,102.7
2018,1,BA,165.4
2018,1,CE,87.3
2018,1,MA,89.7
2018,1,PB,177.1
2018,1,PE,145.8
2018,1,PI,163.5
2018,1,RN,110.0
2018,1,SE,146.1
2018,1,GO,258.1
2018,1,MS,259.8
2018,1,MT,275.0
2018,1,ES,220.5
2018,1,MG,196.2
2018,1,RJ,170.7
2018,1,SP,252.7
2018,1,PR,199.9
2018,1,RS,295.4
2018,1,SC,201.4
2018,2,AC,440.1
2018,2,AM,479.1
2018,2,AP,310.0
2018,2,PA,259.2
2018,2,RO,281.9
2018,2,RR,433.9
2018,2,TO,511.8
2018,2,AL,81.4
2018,2,BA,152.0
2018,2,CE,111.8
2018,2,MA,125.8
2018,2,PB,171.9
2018,2,PE,110.8
2018,2,PI,124.5
2018,2,RN,78.2
2018,2,SE,85.2
2018,2,GO,193.6
2018,2,MS,149.3
2018,2,MT,265.2
2018,2,ES,195.8
2018,2,MG,216.0
2018,2,RJ,153.9
2018,2,SP,174.0
2018,2,PR,289.6
2018,2,RS,351.3
2018,2,SC,163.9
2018,3,AC,524.9
2018,3,AM,424.6
2018,3,AP,420.5
2018,3,PA,400.1
2018,3,RO,262.2
2018,3,RR,268.8
2018,3,TO,432.3
2018,3,AL,111.7
2018,3,BA,170.7
2018,3,CE,118.4
2018,3,MA,91.5
2018,3,PB,150.0
2018,3,PE,106.8
2018,3,PI,130.6
2018,3,RN,148.3
2018,3,SE,169.0
2018,3,GO,296.1
2018,3,MS,273.9
2018,3,MT,274.5
2018,3,ES,282.2
2018,3,MG,174.0
2018,3,RJ,125.0
2018,3,SP,170.1
2018,3,PR,198.2
2018,3,RS,289.1
2018,3,SC,283.4
2018,4,AC,268.7
2018,4,AM,153.2
2018,4,AP,295.8
2018,4,PA,214.7
2018,4,RO,283.0
2018,4,RR,261.3
2018,4,TO,218.5
2018,4,AL,56.6
2018,4,BA,54.0
2018,4,CE,101.2
2018,4,MA,106.8
2018,4,PB,89.6
2018,4,PE,54.6
2018,4,PI,73.7
2018,4,RN,94.7
2018,4,SE,97.9
2018,4,GO,104.2
2018,4,MS,90.0
2018,4,MT,175.5
2018,4,ES,115.1
2018,4,MG,104.5
2018,4,RJ,79.3
2018,4,SP,134.2
2018,4,PR,204.9
2018,4,RS,218.6
2018,4,SC,168.4
2018,5,AC,252.9
2018,5,AM,167.0
2018,5,AP,259.8
2018,5,PA,226.0
2018,5,RO,271.4
2018,5,RR,227.7
2018,5,TO,198.1
2018,5,AL,54.1
2018,5,BA,68.2
2018,5,CE,54.2
2018,5,MA,59.3
2018,5,PB,111.2
2018,5,PE,76.4
2018,5,PI,82.0
2018,5,RN,103.9
2018,5,SE,111.7
2018,5,GO,159.9
2018,5,MS,187.5
2018,5,MT,129.2
2018,5,ES,109.8
2018,5,MG,119.9
2018,5,RJ,147.9
2018,5,SP,148.9
2018,5,PR,136.4
2018,5,RS,113.1
2018,5,SC,176.9
2018,6,AC,87.8
2018,6,AM,132.8
2018,6,AP,144.3
2018,6,PA,145.1
2018,6,RO,150.3
2018,6,RR,162.3
2018,6,TO,125.0
2018,6,AL,47.4
2018,6,BA,43.8
2018,6,CE,30.0
2018,6,MA,24.8
2018,6,PB,33.1
2018,6,PE,38.2
2018,6,PI,43.7
2018,6,RN,51.2
2018,6,SE,30.3
2018,6,GO,52.5
2018,6,MS,102.8
2018,6,MT,51.5
2018,6,ES,63.9
2018,6,MG,69.4
2018,6,RJ,67.2
2018,6,SP,43.5
2018,6,PR,51.6
2018,6,RS,54.8
2018,6,SC,85.5
2018,7,AC,129.4
2018,7,AM,98.4
2018,7,AP,138.8
2018,7,PA,157.0
2018,7,RO,79.2
2018,7,RR,124.8
2018,7,TO,143.9
2018,7,AL,32.1
2018,7,BA,33.8
2018,7,CE,43.6
2018,7,MA,52.7
2018,7,PB,49.9
2018,7,PE,42.7
2018,7,PI,47.4
2018,7,RN,35.7
2018,7,SE,44.5
2018,7,GO,73.0
2018,7,MS,56.4
2018,7,MT,87.1
2018,7,ES,67.9
2018,7,MG,57.6
2018,7,RJ,86.4
2018,7,SP,40.1
2018,7,PR,68.2
2018,7,RS,51.6
2018,7,SC,97.1
2018,8,AC,145.2
2018,8,AM,108.1
2018,8,AP,142.6
2018,8,PA,114.6
2018,8,RO,150.6
2018,8,RR,120.4
2018,8,TO,116.2
2018,8,AL,53.9
2018,8,BA,32.0
2018,8,CE,27.9
2018,8,MA,42.7
2018,8,PB,55.0
2018,8,PE,36.1
2018,8,PI,26.0
2018,8,RN,34.9
2018,8,SE,40.2
2018,8,GO,54.7
2018,8,MS,84.5
2018,8,MT,104.9
2018,8,ES,62.5
2018,8,MG,57.4
2018,8,RJ,59.8
2018,8,SP,45.0
2018,8,PR,104.5
2018,8,RS,74.5
2018,8,SC,72.8
2018,9,AC,281.9
2018,9,AM,238.4
2018,9,AP,279.6
2018,9,PA,162.3
2018,9,RO,312.7
2018,9,RR,338.1
2018,9,TO,279.8
2018,9,AL,109.1
2018,9,BA,57.7
2018,9,CE,78.6
2018,9,MA,86.5
2018,9,PB,85.2
2018,9,PE,73.7
2018,9,PI,69.6
2018,9,RN,56.1
2018,9,SE,73.1
2018,9,GO,109.5
2018,9,MS,178.1
2018,9,MT,115.1
2018,9,ES,84.1
2018,9,MG,135.4
2018,9,RJ,139.9
2018,9,SP,168.7
2018,9,PR,169.9
2018,9,RS,140.2
2018,9,SC,198.8
2018,10,AC,258.1
2018,10,AM,165.9
2018,10,AP,263.2
2018,10,PA,331.6
2018,10,RO,229.3
2018,10,RR,209.3
2018,10,TO,178.7
2018,10,AL,57.7
2018,10,BA,75.7
2018,10,CE,86.1
2018,10,MA,53.2
2018,10,PB,108.1
2018,10,PE,96.3
2018,10,PI,85.5
2018,10,RN,101.0
2018,10,SE,53.1
2018,10,GO,147.2
2018,10,MS,165.6
2018,10,MT,189.4
2018,10,ES,159.5
2018,10,MG,106.8
2018,10,RJ,175.9
2018,10,SP,90.9
2018,10,PR,208.0
2018,10,RS,220.3
2018,10,SC,118.7
2018,11,AC,294.4
2018,11,AM,158.1
2018,11,AP,231.1
2018,11,PA,253.3
2018,11,RO,266.1
2018,11,RR,337.2
2018,11,TO,284.5
2018,11,AL,78.8
2018,11,BA,99.8
2018,11,CE,108.8
2018,11,MA,49.4
2018,11,PB,110.9
2018,11,PE,53.5
2018,11,PI,100.1
2018,11,RN,65.9
2018,11,SE,56.5
2018,11,GO,142.8
2018,11,MS,167.3
2018,11,MT,135.7
2018,11,ES,83.7
2018,11,MG,140.3
2018,11,RJ,171.8
2018,11,SP,117.9
2018,11,PR,123.7
2018,11,RS,152.6
2018,11,SC,102.2
2018,12,AC,502.6
2018,12,AM,504.4
2018,12,AP,428.2
2018,12,PA,353.0
2018,12,RO,495.9
2018,12,RR,417.5
2018,12,TO,504.3
2018,12,AL,141.5
2018,12,BA,157.1
2018,12,CE,138.1
2018,12,MA,119.2
2018,12,PB,174.9
2018,12,PE,132.2
2018,12,PI,138.8
2018,12,RN,99.4
2018,12,SE,140.9
2018,12,GO,253.7
2018,12,MS,179.5
2018,12,MT,155.4
2018,12,ES,225.4
2018,12,MG,251.9
2018,12,RJ,211.9
2018,12,SP,162.5
2018,12,PR,290.1
2018,12,RS,170.0
2018,12,SC,244.1
2019,1,AC,292.3
2019,1,AM,299.0
2019,1,AP,304.7
2019,1,PA,363.7
2019,1,RO,256.4
2019,1,RR,367.3
2019,1,TO,403.7
2019,1,AL,126.3
2019,1,BA,116.0
2019,1,CE,162.7
2019,1,MA,91.7
2019,1,PB,128.6
2019,1,PE,83.2
2019,1,PI,84.1
2019,1,RN,135.6
2019,1,SE,134.8
2019,1,GO,312.6
2019,1,MS,251.1
2019,1,MT,328.3
2019,1,ES,132.9
2019,1,MG,141.1
2019,1,RJ,132.1
2019,1,SP,155.6
2019,1,PR,264.5
2019,1,RS,285.8
2019,1,SC,162.9
2019,2,AC,542.7
2019,2,AM,509.5
2019,2,AP,334.9
2019,2,PA,264.7
2019,2,RO,294.4
2019,2,RR,280.6
2019,2,TO,279.5
2019,2,AL,129.9
2019,2,BA,102.0
2019,2,CE,113.5
2019,2,MA,178.1
2019,2,PB,146.9
2019,2,PE,174.0
2019,2,PI,91.4
2019,2,RN,115.9
2019,2,SE,133.6
2019,2,GO,158.7
2019,2,MS,144.8
2019,2,MT,272.7
2019,2,ES,231.6
2019,2,MG,193.2
2019,2,RJ,206.3
2019,2,SP,193.9
2019,2,PR,158.5
2019,2,RS,222.3
2019,2,SC,189.9
2019,3,AC,271.5
2019,3,AM,546.2
2019,3,AP,431.8
2019,3,PA,473.2
2019,3,RO,340.9
2019,3,RR,365.8
2019,3,TO,315.8
2019,3,AL,86.7
2019,3,BA,95.1
2019,3,CE,158.5
2019,3,MA,146.2
2019,3,PB,132.8
2019,3,PE,125.4
2019,3,PI,171.3
2019,3,RN,84.2
2019,3,SE,105.5
2019,3,GO,211.2
2019,3,MS,294.2
2019,3,MT,334.6
2019,3,ES,164.8
2019,3,MG,270.3
2019,3,RJ,263.0
2019,3,SP,162.2
2019,3,PR,235.4
2019,3,RS,237.5
2019,3,SC,353.9
2019,4,AC,186.2
2019,4,AM,309.8
2019,4,AP,216.8
2019,4,PA,296.2
2019,4,RO,234.0
2019,4,RR,265.7
2019,4,TO,316.5
2019,4,AL,99.5
2019,4,BA,103.5
2019,4,CE,51.8
2019,4,MA,92.3
2019,4,PB,57.0
2019,4,PE,74.6
2019,4,PI,83.1
2019,4,RN,73.8
2019,4,SE,81.3
2019,4,GO,209.6
2019,4,MS,106.2
2019,4,MT,171.1
2019,4,ES,119.2
2019,4,MG,91.8
2019,4,RJ,94.5
2019,4,SP,176.7
2019,4,PR,208.6
2019,4,RS,212.1
2019,4,SC,222.9
2019,5,AC,191.7
2019,5,AM,221.1
2019,5,AP,283.8
2019,5,PA,246.8
2019,5,RO,233.7
2019,5,RR,221.6
2019,5,TO,268.8
2019,5,AL,84.8
2019,5,BA,58.3
2019,5,CE,78.2
2019,5,MA,83.4
2019,5,PB,84.5
2019,5,PE,61.4
2019,5,PI,95.5
2019,5,RN,49.6
2019,5,SE,70.7
2019,5,GO,183.6
2019,5,MS,157.7
2019,5,MT,121.3
2019,5,ES,150.3
2019,5,MG,137.0
2019,5,RJ,160.8
2019,5,SP,154.4
2019,5,PR,174.1
2019,5,RS,158.5
2019,5,SC,113.0
2019,6,AC,101.1
2019,6,AM,116.9
2019,6,AP,134.9
2019,6,PA,126.4
2019,6,RO,103.8
2019,6,RR,75.6
2019,6,TO,124.6
2019,6,AL,33.1
2019,6,BA,47.5
2019,6,CE,24.8
2019,6,MA,42.7
2019,6,PB,54.1
2019,6,PE,29.6
2019,6,PI,39.1
2019,6,RN,26.9
2019,6,SE,44.0
2019,6,GO,78.0
2019,6,MS,69.4
2019,6,MT,76.3
2019,6,ES,85.6
2019,6,MG,49.2
2019,6,RJ,40.2
2019,6,SP,83.8
2019,6,PR,84.9
2019,6,RS,105.0
2019,6,SC,86.2
2019,7,AC,156.0
2019,7,AM,118.0
2019,7,AP,150.0
2019,7,PA,166.3
2019,7,RO,132.2
2019,7,RR,93.1
2019,7,TO,101.9
2019,7,AL,30.4
2019,7,BA,31.9
2019,7,CE,33.8
2019,7,MA,41.8
2019,7,PB,42.8
2019,7,PE,37.6
2019,7,PI,43.7
2019,7,RN,26.6
2019,7,SE,26.8
2019,7,GO,55.3
2019,7,MS,76.1
2019,7,MT,57.8
2019,7,ES,53.7
2019,7,MG,59.8
2019,7,RJ,81.2
2019,7,SP,39.7
2019,7,PR,89.6
2019,7,RS,90.8
2019,7,SC,99.1
2019,8,AC,168.3
2019,8,AM,77.0
2019,8,AP,90.4
2019,8,PA,163.6
2019,8,RO,120.9
2019,8,RR,131.5
2019,8,TO,141.3
2019,8,AL,45.7
2019,8,BA,53.8
2019,8,CE,55.9
2019,8,MA,47.0
2019,8,PB,33.2
2019,8,PE,52.2
2019,8,PI,25.6
2019,8,RN,31.4
2019,8,SE,52.7
2019,8,GO,60.4
2019,8,MS,58.2
2019,8,MT,53.3
2019,8,ES,83.7
2019,8,MG,65.0
2019,8,RJ,74.1
2019,8,SP,51.4
2019,8,PR,96.5
2019,8,RS,96.6
2019,8,SC,68.0
2019,9,AC,232.1
2019,9,AM,191.9
2019,9,AP,345.3
2019,9,PA,279.1
2019,9,RO,336.9
2019,9,RR,210.7
2019,9,TO,306.4
2019,9,AL,97.0
2019,9,BA,92.3
2019,9,CE,109.8
2019,9,MA,73.2
2019,9,PB,56.4
2019,9,PE,91.0
2019,9,PI,94.7
2019,9,RN,84.8
2019,9,SE,61.2
2019,9,GO,150.5
2019,9,MS,127.5
2019,9,MT,141.3
2019,9,ES,145.1
2019,9,MG,155.5
2019,9,RJ,102.2
2019,9,SP,120.2
2019,9,PR,130.5
2019,9,RS,121.4
2019,9,SC,196.3
2019,10,AC,331.9
2019,10,AM,224.0
2019,10,AP,300.3
2019,10,PA,329.4
2019,10,RO,319.2
2019,10,RR,186.6
2019,10,TO,341.3
2019,10,AL,72.1
2019,10,BA,69.7
2019,10,CE,52.0
2019,10,MA,79.1
2019,10,PB,55.0
2019,10,PE,63.9
2019,10,PI,68.3
2019,10,RN,99.8
2019,10,SE,104.0
2019,10,GO,126.3
2019,10,MS,193.0
2019,10,MT,192.9
2019,10,ES,157.5
2019,10,MG,93.3
2019,10,RJ,149.8
2019,10,SP,176.3
2019,10,PR,183.4
2019,10,RS,138.4
2019,10,SC,160.1
2019,11,AC,279.1
2019,11,AM,252.1
2019,11,AP,174.0
2019,11,PA,212.4
2019,11,RO,310.5
2019,11,RR,322.3
2019,11,TO,177.5
2019,11,AL,109.0
2019,11,BA,69.0
2019,11,CE,90.4
2019,11,MA,96.1
2019,11,PB,100.0
2019,11,PE,108.5
2019,11,PI,68.0
2019,11,RN,102.9
2019,11,SE,56.4
2019,11,GO,174.6
2019,11,MS,179.0
2019,11,MT,171.3
2019,11,ES,104.2
2019,11,MG,168.8
2019,11,RJ,95.6
2019,11,SP,83.6
2019,11,PR,187.8
2019,11,RS,156.9
2019,11,SC,204.7
2019,12,AC,362.7
2019,12,AM,293.8
2019,12,AP,507.7
2019,12,PA,415.7
2019,12,RO,300.5
2019,12,RR,470.5
2019,12,TO,403.6
2019,12,AL,138.7
2019,12,BA,124.0
2019,12,CE,161.7
2019,12,MA,161.7
2019,12,PB,149.4
2019,12,PE,87.6
2019,12,PI,162.7
2019,12,RN,145.5
2019,12,SE,148.2
2019,12,GO,213.7
2019,12,MS,312.8
2019,12,MT,283.3
2019,12,ES,143.5
2019,12,MG,192.7
2019,12,RJ,272.3
2019,12,SP,132.7
2019,12,PR,350.5
2019,12,RS,292.7
2019,12,SC,282.9
2020,1,AC,326.6
2020,1,AM,319.6
2020,1,AP,541.5
2020,1,PA,335.4
2020,1,RO,488.2
2020,1,RR,365.8
2020,1,TO,284.6
2020,1,AL,77.9
2020,1,BA,132.5
2020,1,CE,176.7
2020,1,MA,114.6
2020,1,PB,113.4
2020,1,PE,112.0
2020,1,PI,130.1
2020,1,RN,121.9
2020,1,SE,166.9
2020,1,GO,241.1
2020,1,MS,241.5
2020,1,MT,170.6
2020,1,ES,288.3
2020,1,MG,166.4
2020,1,RJ,137.0
2020,1,SP,235.1
2020,1,PR,275.5
2020,1,RS,238.6
2020,1,SC,240.1
2020,2,AC,491.2
2020,2,AM,302.6
2020,2,AP,502.5
2020,2,PA,447.6
2020,2,RO,374.1
2020,2,RR,386.6
2020,2,TO,322.1
2020,2,AL,153.8
2020,2,BA,129.3
2020,2,CE,109.7
2020,2,MA,137.8
2020,2,PB,178.8
2020,2,PE,121.4
2020,2,PI,171.1
2020,2,RN,112.1
2020,2,SE,82.4
2020,2,GO,183.2
2020,2,MS,224.4
2020,2,MT,186.2
2020,2,ES,124.8
2020,2,MG,277.1
2020,2,RJ,265.2
2020,2,SP,248.3
2020,2,PR,188.0
2020,2,RS,178.3
2020,2,SC,167.4
2020,3,AC,471.7
2020,3,AM,537.2
2020,3,AP,377.8
2020,3,PA,278.1
2020,3,RO,404.0
2020,3,RR,351.6
2020,3,TO,359.9
2020,3,AL,140.4
2020,3,BA,150.4
2020,3,CE,88.1
2020,3,MA,80.4
2020,3,PB,178.6
2020,3,PE,100.6
2020,3,PI,82.3
2020,3,RN,96.2
2020,3,SE,80.8
2020,3,GO,219.2
2020,3,MS,298.1
2020,3,MT,209.5
2020,3,ES,198.7
2020,3,MG,237.2
2020,3,RJ,209.5
2020,3,SP,268.1
2020,3,PR,331.0
2020,3,RS,155.6
2020,3,SC,312.9
2020,4,AC,242.1
2020,4,AM,347.8
2020,4,AP,246.6
2020,4,PA,347.4
2020,4,RO,300.9
2020,4,RR,199.7
2020,4,TO,257.7
2020,4,AL,111.5
2020,4,BA,102.9
2020,4,CE,54.2
2020,4,MA,93.2
2020,4,PB,70.1
2020,4,PE,48.4
2020,4,PI,73.8
2020,4,RN,63.0
2020,4,SE,100.4
2020,4,GO,130.5
2020,4,MS,189.3
2020,4,MT,90.1
2020,4,ES,110.0
2020,4,MG,103.1
2020,4,RJ,102.3
2020,4,SP,85.1
2020,4,PR,120.0
2020,4,RS,167.1
2020,4,SC,133.3
2020,5,AC,233.5
2020,5,AM,225.4
2020,5,AP,325.2
2020,5,PA,331.1
2020,5,RO,248.6
2020,5,RR,216.0
2020,5,TO,171.4
2020,5,AL,109.0
2020,5,BA,51.9
2020,5,CE,67.0
2020,5,MA,67.1
2020,5,PB,68.5
2020,5,PE,58.5
2020,5,PI,98.1
2020,5,RN,55.8
2020,5,SE,88.6
2020,5,GO,104.9
2020,5,MS,98.5
2020,5,MT,199.1
2020,5,ES,97.8
2020,5,MG,163.4
2020,5,RJ,134.6
2020,5,SP,86.1
2020,5,PR,218.3
2020,5,RS,127.6
2020,5,SC,206.0
2020,6,AC,91.9
2020,6,AM,160.4
2020,6,AP,76.3
2020,6,PA,126.2
2020,6,RO,151.9
2020,6,RR,168.5
2020,6,TO,165.9
2020,6,AL,50.2
2020,6,BA,52.4
2020,6,CE,30.4
2020,6,MA,33.1
2020,6,PB,33.2
2020,6,PE,36.1
2020,6,PI,36.6
2020,6,RN,41.4
2020,6,SE,29.1
2020,6,GO,86.5
2020,6,MS,55.1
2020,6,MT,63.6
2020,6,ES,65.2
2020,6,MG,80.4
2020,6,RJ,77.5
2020,6,SP,72.6
2020,6,PR,58.0
2020,6,RS,83.0
2020,6,SC,53.6
2020,7,AC,112.7
2020,7,AM,116.4
2020,7,AP,79.0
2020,7,PA,102.4
2020,7,RO,170.6
2020,7,RR,170.4
2020,7,TO,110.2
2020,7,AL,25.4
2020,7,BA,29.7
2020,7,CE,36.6
2020,7,MA,54.3
2020,7,PB,28.5
2020,7,PE,48.4
2020,7,PI,27.5
2020,7,RN,55.4
2020,7,SE,36.2
2020,7,GO,91.5
2020,7,MS,65.6
2020,7,MT,82.7
2020,7,ES,49.0
2020,7,MG,46.6
2020,7,RJ,87.8
2020,7,SP,86.7
2020,7,PR,104.8
2020,7,RS,88.0
2020,7,SC,99.7
2020,8,AC,81.9
2020,8,AM,108.5
2020,8,AP,106.4
2020,8,PA,138.6
2020,8,RO,110.6
2020,8,RR,89.9
2020,8,TO,134.6
2020,8,AL,50.1
2020,8,BA,36.2
2020,8,CE,28.2
2020,8,MA,30.3
2020,8,PB,31.6
2020,8,PE,33.6
2020,8,PI,44.6
2020,8,RN,43.2
2020,8,SE,46.3
2020,8,GO,66.8
2020,8,MS,94.4
2020,8,MT,57.2
2020,8,ES,63.4
2020,8,MG,80.6
2020,8,RJ,48.4
2020,8,SP,44.7
2020,8,PR,104.6
2020,8,RS,69.9
2020,8,SC,91.8
2020,9,AC,155.1
2020,9,AM,288.0
2020,9,AP,213.2
2020,9,PA,161.1
2020,9,RO,272.0
2020,9,RR,198.2
2020,9,TO,227.4
2020,9,AL,53.2
2020,9,BA,57.4
2020,9,CE,67.1
2020,9,MA,53.7
2020,9,PB,106.3
2020,9,PE,48.4
2020,9,PI,79.0
2020,9,RN,55.9
2020,9,SE,67.7
2020,9,GO,201.1
2020,9,MS,109.4
2020,9,MT,205.9
2020,9,ES,99.4
2020,9,MG,155.1
2020,9,RJ,134.9
2020,9,SP,170.0
2020,9,PR,166.9
2020,9,RS,164.4
2020,9,SC,121.0
2020,10,AC,183.2
2020,10,AM,333.3
2020,10,AP,215.6
2020,10,PA,224.4
2020,10,RO,302.0
2020,10,RR,217.8
2020,10,TO,340.4
2020,10,AL,95.2
2020,10,BA,86.2
2020,10,CE,104.4
2020,10,MA,51.2
2020,10,PB,64.5
2020,10,PE,77.8
2020,10,PI,62.5
2020,10,RN,95.6
2020,10,SE,106.8
2020,10,GO,140.9
2020,10,MS,131.1
2020,10,MT,205.4
2020,10,ES,124.3
2020,10,MG,128.9
2020,10,RJ,114.6
2020,10,SP,172.6
2020,10,PR,168.8
2020,10,RS,193.6
2020,10,SC,199.9
2020,11,AC,218.4
2020,11,AM,236.7
2020,11,AP,319.7
2020,11,PA,222.7
2020,11,RO,308.8
2020,11,RR,338.2
2020,11,TO,274.6
2020,11,AL,95.5
2020,11,BA,99.5
2020,11,CE,102.1
2020,11,MA,73.3
2020,11,PB,51.3
2020,11,PE,73.7
2020,11,PI,91.1
2020,11,RN,76.8
2020,11,SE,95.9
2020,11,GO,132.8
2020,11,MS,166.2
2020,11,MT,112.4
2020,11,ES,155.9
2020,11,MG,134.8
2020,11,RJ,99.2
2020,11,SP,108.4
2020,11,PR,191.8
2020,11,RS,157.8
2020,11,SC,123.7
2020,12,AC,549.5
2020,12,AM,468.8
2020,12,AP,546.3
2020,12,PA,376.7
2020,12,RO,392.0
2020,12,RR,527.3
2020,12,TO,408.0
2020,12,AL,149.2
2020,12,BA,102.6
2020,12,CE,122.5
2020,12,MA,89.4
2020,12,PB,97.9
2020,12,PE,76.9
2020,12,PI,80.8
2020,12,RN,176.9
2020,12,SE,101.6
2020,12,GO,271.4
2020,12,MS,305.1
2020,12,MT,249.7
2020,12,ES,150.3
2020,12,MG,246.0
2020,12,RJ,224.7
2020,12,SP,246.5
2020,12,PR,311.2
2020,12,RS,353.4
2020,12,SC,271.1
2021,1,AC,349.3
2021,1,AM,447.5
2021,1,AP,261.9
2021,1,PA,527.2
2021,1,RO,278.2
2021,1,RR,344.9
2021,1,TO,501.0
2021,1,AL,138.0
2021,1,BA,117.1
2021,1,CE,125.3
2021,1,MA,164.3
2021,1,PB,111.6
2021,1,PE,165.9
2021,1,PI,85.8
2021,1,RN,156.3
2021,1,SE,163.6
2021,1,GO,178.9
2021,1,MS,226.6
2021,1,MT,175.8
2021,1,ES,242.4
2021,1,MG,213.9
2021,1,RJ,230.5
2021,1,SP,157.5
2021,1,PR,197.0
2021,1,RS,162.1
2021,1,SC,219.6
2021,2,AC,419.1
2021,2,AM,514.5
2021,2,AP,453.4
2021,2,PA,379.3
2021,2,RO,545.0
2021,2,RR,470.2
2021,2,TO,537.7
2021,2,AL,130.8
2021,2,BA,103.3
2021,2,CE,82.2
2021,2,MA,151.2
2021,2,PB,89.2
2021,2,PE,107.8
2021,2,PI,131.3
2021,2,RN,134.6
2021,2,SE,138.3
2021,2,GO,175.9
2021,2,MS,216.9
2021,2,MT,262.5
2021,2,ES,286.2
2021,2,MG,245.9
2021,2,RJ,278.3
2021,2,SP,251.6
2021,2,PR,274.8
2021,2,RS,192.9
2021,2,SC,290.1
2021,3,AC,439.5
2021,3,AM,432.8
2021,3,AP,396.7
2021,3,PA,409.2
2021,3,RO,347.0
2021,3,RR,406.2
2021,3,TO,303.2
2021,3,AL,159.2
2021,3,BA,95.8
2021,3,CE,85.5
2021,3,MA,121.5
2021,3,PB,144.2
2021,3,PE,121.6
2021,3,PI,105.1
2021,3,RN,134.0
2021,3,SE,112.3
2021,3,GO,323.1
2021,3,MS,321.1
2021,3,MT,240.5
2021,3,ES,179.4
2021,3,MG,247.5
2021,3,RJ,130.9
2021,3,SP,203.8
2021,3,PR,222.5
2021,3,RS,342.1
2021,3,SC,156.1
2021,4,AC,260.6
2021,4,AM,298.1
2021,4,AP,247.0
2021,4,PA,167.1
2021,4,RO,344.5
2021,4,RR,253.6
2021,4,TO,272.8
2021,4,AL,63.1
2021,4,BA,78.9
2021,4,CE,75.5
2021,4,MA,52.8
2021,4,PB,54.8
2021,4,PE,101.6
2021,4,PI,63.3
2021,4,RN,60.5
2021,4,SE,80.3
2021,4,GO,182.2
2021,4,MS,97.4
2021,4,MT,159.2
2021,4,ES,90.4
2021,4,MG,81.8
2021,4,RJ,83.5
2021,4,SP,164.8
2021,4,PR,111.1
2021,4,RS,101.8
2021,4,SC,152.1
2021,5,AC,318.8
2021,5,AM,202.5
2021,5,AP,234.3
2021,5,PA,158.0
2021,5,RO,239.8
2021,5,RR,265.5
2021,5,TO,264.2
2021,5,AL,69.3
2021,5,BA,68.2
2021,5,CE,54.8
2021,5,MA,71.5
2021,5,PB,54.4
2021,5,PE,97.1
2021,5,PI,109.8
2021,5,RN,110.1
2021,5,SE,103.4
2021,5,GO,162.1
2021,5,MS,174.1
2021,5,MT,124.2
2021,5,ES,143.6
2021,5,MG,125.4
2021,5,RJ,128.1
2021,5,SP,156.8
2021,5,PR,132.1
2021,5,RS,136.7
2021,5,SC,214.4
2021,6,AC,80.6
2021,6,AM,123.6
2021,6,AP,166.3
2021,6,PA,136.0
2021,6,RO,129.6
2021,6,RR,100.0
2021,6,TO,109.3
2021,6,AL,51.3
2021,6,BA,41.9
2021,6,CE,40.5
2021,6,MA,27.2
2021,6,PB,24.5
2021,6,PE,54.8
2021,6,PI,36.1
2021,6,RN,43.3
2021,6,SE,26.6
2021,6,GO,86.0
2021,6,MS,101.0
2021,6,MT,79.5
2021,6,ES,45.6
2021,6,MG,69.2
2021,6,RJ,78.9
2021,6,SP,60.1
2021,6,PR,104.3
2021,6,RS,89.5
2021,6,SC,105.6
2021,7,AC,137.4
2021,7,AM,88.1
2021,7,AP,106.0
2021,7,PA,95.2
2021,7,RO,165.9
2021,7,RR,151.0
2021,7,TO,142.6
2021,7,AL,33.6
2021,7,BA,29.9
2021,7,CE,48.2
2021,7,MA,39.2
2021,7,PB,31.2
2021,7,PE,43.7
2021,7,PI,25.3
2021,7,RN,34.4
2021,7,SE,39.0
2021,7,GO,53.9
2021,7,MS,104.1
2021,7,MT,57.5
2021,7,ES,45.8
2021,7,MG,49.6
2021,7,RJ,79.0
2021,7,SP,61.1
2021,7,PR,84.2
2021,7,RS,49.3
2021,7,SC,50.2
2021,8,AC,119.6
2021,8,AM,156.7
2021,8,AP,163.5
2021,8,PA,83.7
2021,8,RO,128.8
2021,8,RR,166.3
2021,8,TO,113.8
2021,8,AL,50.5
2021,8,BA,28.3
2021,8,CE,53.9
2021,8,MA,48.0
2021,8,PB,54.1
2021,8,PE,45.7
2021,8,PI,35.6
2021,8,RN,54.0
2021,8,SE,32.8
2021,8,GO,64.9
2021,8,MS,87.0
2021,8,MT,90.9
2021,8,ES,87.3
2021,8,MG,49.6
2021,8,RJ,80.5
2021,8,SP,77.4
2021,8,PR,52.1
2021,8,RS,72.8
2021,8,SC,66.1
2021,9,AC,210.9
2021,9,AM,346.6
2021,9,AP,278.6
2021,9,PA,293.5
2021,9,RO,345.3
2021,9,RR,225.4
2021,9,TO,310.4
2021,9,AL,75.8
2021,9,BA,103.7
2021,9,CE,59.6
2021,9,MA,108.7
2021,9,PB,62.0
2021,9,PE,68.9
2021,9,PI,96.4
2021,9,RN,73.2
2021,9,SE,86.9
2021,9,GO,143.3
2021,9,MS,179.1
2021,9,MT,117.4
2021,9,ES,84.1
2021,9,MG,109.2
2021,9,RJ,127.3
2021,9,SP,95.5
2021,9,PR,141.4
2021,9,RS,147.2
2021,9,SC,103.3
2021,10,AC,266.7
2021,10,AM,326.9
2021,10,AP,180.3
2021,10,PA,269.6
2021,10,RO,282.9
2021,10,RR,233.9
2021,10,TO,290.2
2021,10,AL,74.3
2021,10,BA,80.3
2021,10,CE,48.5
2021,10,MA,92.3
2021,10,PB,90.3
2021,10,PE,50.5
2021,10,PI,71.6
2021,10,RN,110.7
2021,10,SE,74.9
2021,10,GO,150.2
2021,10,MS,199.2
2021,10,MT,176.1
2021,10,ES,138.5
2021,10,MG,161.0
2021,10,RJ,167.9
2021,10,SP,125.5
2021,10,PR,156.8
2021,10,RS,145.4
2021,10,SC,219.7
2021,11,AC,289.4
2021,11,AM,166.6
2021,11,AP,322.6
2021,11,PA,246.1
2021,11,RO,163.8
2021,11,RR,259.9
2021,11,TO,233.4
2021,11,AL,104.2
2021,11,BA,61.1
2021,11,CE,100.9
2021,11,MA,83.7
2021,11,PB,51.5
2021,11,PE,110.2
2021,11,PI,80.8
2021,11,RN,66.6
2021,11,SE,78.0
2021,11,GO,192.9
2021,11,MS,126.6
2021,11,MT,113.1
2021,11,ES,91.4
2021,11,MG,109.0
2021,11,RJ,159.1
2021,11,SP,127.0
2021,11,PR,125.1
2021,11,RS,117.3
2021,11,SC,138.6
2021,12,AC,540.8
2021,12,AM,349.8
2021,12,AP,556.2
2021,12,PA,395.3
2021,12,RO,297.3
2021,12,RR,525.2
2021,12,TO,387.3
2021,12,AL,149.5
2021,12,BA,177.5
2021,12,CE,81.9
2021,12,MA,86.7
2021,12,PB,150.6
2021,12,PE,105.7
2021,12,PI,95.7
2021,12,RN,80.8
2021,12,SE,79.0
2021,12,GO,292.7
2021,12,MS,169.8
2021,12,MT,233.8
2021,12,ES,225.6
2021,12,MG,196.1
2021,12,RJ,129.3
2021,12,SP,255.2
2021,12,PR,155.8
2021,12,RS,309.6
2021,12,SC,336.5
2022,1,AC,378.5
2022,1,AM,411.4
2022,1,AP,392.6
2022,1,PA,364.5
2022,1,RO,524.0
2022,1,RR,526.1
2022,1,TO,347.5
2022,1,AL,139.8
2022,1,BA,171.7
2022,1,CE,175.3
2022,1,MA,128.9
2022,1,PB,123.2
2022,1,PE,105.3
2022,1,PI,175.0
2022,1,RN,91.4
2022,1,SE,136.2
2022,1,GO,198.2
2022,1,MS,197.6
2022,1,MT,221.8
2022,1,ES,291.0
2022,1,MG,133.9
2022,1,RJ,221.1
2022,1,SP,138.5
2022,1,PR,185.2
2022,1,RS,243.6
2022,1,SC,258.1
2022,2,AC,322.8
2022,2,AM,341.3
2022,2,AP,267.8
2022,2,PA,337.0
2022,2,RO,549.3
2022,2,RR,542.3
2022,2,TO,347.2
2022,2,AL,135.3
2022,2,BA,169.9
2022,2,CE,77.4
2022,2,MA,159.8
2022,2,PB,173.9
2022,2,PE,86.2
2022,2,PI,93.3
2022,2,RN,175.2
2022,2,SE,131.8
2022,2,GO,146.7
2022,2,MS,193.5
2022,2,MT,230.4
2022,2,ES,240.1
2022,2,MG,246.8
2022,2,RJ,290.4
2022,2,SP,172.6
2022,2,PR,263.8
2022,2,RS,262.8
2022,2,SC,236.7
2022,3,AC,294.1
2022,3,AM,552.8
2022,3,AP,513.1
2022,3,PA,399.5
2022,3,RO,433.0
2022,3,RR,312.7
2022,3,TO,414.0
2022,3,AL,148.0
2022,3,BA,129.6
2022,3,CE,178.2
2022,3,MA,139.4
2022,3,PB,114.8
2022,3,PE,155.9
2022,3,PI,94.3
2022,3,RN,116.2
2022,3,SE,112.3
2022,3,GO,226.9
2022,3,MS,294.1
2022,3,MT,237.0
2022,3,ES,256.9
2022,3,MG,220.7
2022,3,RJ,181.7
2022,3,SP,259.6
2022,3,PR,202.4
2022,3,RS,199.6
2022,3,SC,256.9
2022,4,AC,202.2
2022,4,AM,151.8
2022,4,AP,279.7
2022,4,PA,252.2
2022,4,RO,239.1
2022,4,RR,343.4
2022,4,TO,264.2
2022,4,AL,103.3
2022,4,BA,56.9
2022,4,CE,84.4
2022,4,MA,103.6
2022,4,PB,85.3
2022,4,PE,94.0
2022,4,PI,71.8
2022,4,RN,53.9
2022,4,SE,77.3
2022,4,GO,137.3
2022,4,MS,194.0
2022,4,MT,119.3
2022,4,ES,178.5
2022,4,MG,177.6
2022,4,RJ,103.8
2022,4,SP,114.2
2022,4,PR,210.6
2022,4,RS,219.7
2022,4,SC,152.8
2022,5,AC,214.2
2022,5,AM,255.2
2022,5,AP,287.6
2022,5,PA,204.7
2022,5,RO,297.3
2022,5,RR,160.3
2022,5,TO,159.9
2022,5,AL,72.7
2022,5,BA,70.6
2022,5,CE,68.2
2022,5,MA,79.4
2022,5,PB,68.5
2022,5,PE,60.3
2022,5,PI,67.8
2022,5,RN,110.4
2022,5,SE,74.3
2022,5,GO,143.4
2022,5,MS,159.2
2022,5,MT,208.0
2022,5,ES,103.1
2022,5,MG,148.9
2022,5,RJ,152.5
2022,5,SP,141.2
2022,5,PR,107.3
2022,5,RS,182.6
2022,5,SC,104.2
2022,6,AC,134.6
2022,6,AM,149.0
2022,6,AP,96.1
2022,6,PA,159.2
2022,6,RO,78.0
2022,6,RR,159.4
2022,6,TO,121.0
2022,6,AL,31.0
2022,6,BA,28.3
2022,6,CE,54.5
2022,6,MA,26.3
2022,6,PB,30.4
2022,6,PE,35.1
2022,6,PI,43.8
2022,6,RN,41.4
2022,6,SE,28.0
2022,6,GO,62.4
2022,6,MS,59.3
2022,6,MT,57.8
2022,6,ES,60.4
2022,6,MG,75.6
2022,6,RJ,50.3
2022,6,SP,58.1
2022,6,PR,73.0
2022,6,RS,110.5
2022,6,SC,109.1
2022,7,AC,155.0
2022,7,AM,99.2
2022,7,AP,81.8
2022,7,PA,106.7
2022,7,RO,101.7
2022,7,RR,125.6
2022,7,TO,152.8
2022,7,AL,51.5
2022,7,BA,51.0
2022,7,CE,35.5
2022,7,MA,46.0
2022,7,PB,34.0
2022,7,PE,25.9
2022,7,PI,46.5
2022,7,RN,24.3
2022,7,SE,37.1
2022,7,GO,64.8
2022,7,MS,86.6
2022,7,MT,91.0
2022,7,ES,54.8
2022,7,MG,81.2
2022,7,RJ,54.3
2022,7,SP,62.2
2022,7,PR,94.5
2022,7,RS,92.3
2022,7,SC,111.2
2022,8,AC,97.5
2022,8,AM,141.2
2022,8,AP,136.0
2022,8,PA,166.5
2022,8,RO,90.6
2022,8,RR,150.2
2022,8,TO,131.8
2022,8,AL,32.8
2022,8,BA,39.2
2022,8,CE,34.7
2022,8,MA,42.5
2022,8,PB,52.4
2022,8,PE,42.2
2022,8,PI,44.2
2022,8,RN,40.6
2022,8,SE,25.6
2022,8,GO,59.0
2022,8,MS,74.5
2022,8,MT,63.6
2022,8,ES,48.5
2022,8,MG,65.2
2022,8,RJ,55.8
2022,8,SP,52.4
2022,8,PR,77.7
2022,8,RS,56.5
2022,8,SC,107.4
2022,9,AC,323.5
2022,9,AM,291.5
2022,9,AP,171.2
2022,9,PA,305.2
2022,9,RO,311.6
2022,9,RR,303.6
2022,9,TO,172.8
2022,9,AL,89.2
2022,9,BA,101.4
2022,9,CE,85.0
2022,9,MA,89.4
2022,9,PB,77.3
2022,9,PE,81.8
2022,9,PI,50.2
2022,9,RN,88.9
2022,9,SE,53.2
2022,9,GO,142.2
2022,9,MS,125.1
2022,9,MT,155.5
2022,9,ES,91.9
2022,9,MG,149.9
2022,9,RJ,160.7
2022,9,SP,95.0
2022,9,PR,109.4
2022,9,RS,114.6
2022,9,SC,208.3
2022,10,AC,255.6
2022,10,AM,243.5
2022,10,AP,171.3
2022,10,PA,279.9
2022,10,RO,323.6
2022,10,RR,315.6
2022,10,TO,275.2
2022,10,AL,52.8
2022,10,BA,55.2
2022,10,CE,51.2
2022,10,MA,64.5
2022,10,PB,56.7
2022,10,PE,64.6
2022,10,PI,72.6
2022,10,RN,108.4
2022,10,SE,87.1
2022,10,GO,190.2
2022,10,MS,175.2
2022,10,MT,103.5
2022,10,ES,154.5
2022,10,MG,106.6
2022,10,RJ,144.5
2022,10,SP,113.5
2022,10,PR,223.7
2022,10,RS,129.7
2022,10,SC,131.7
2022,11,AC,336.1
2022,11,AM,154.9
2022,11,AP,289.3
2022,11,PA,295.1
2022,11,RO,317.3
2022,11,RR,344.9
2022,11,TO,345.1
2022,11,AL,52.2
2022,11,BA,100.6
2022,11,CE,89.4
2022,11,MA,89.4
2022,11,PB,56.2
2022,11,PE,89.6
2022,11,PI,110.9
2022,11,RN,106.4
2022,11,SE,76.1
2022,11,GO,94.8
2022,11,MS,133.5
2022,11,MT,189.2
2022,11,ES,151.0
2022,11,MG,125.8
2022,11,RJ,83.7
2022,11,SP,122.4
2022,11,PR,156.0
2022,11,RS,214.9
2022,11,SC,178.1
2022,12,AC,339.7
2022,12,AM,408.1
2022,12,AP,261.1
2022,12,PA,551.2
2022,12,RO,355.2
2022,12,RR,392.9
2022,12,TO,353.7
2022,12,AL,146.7
2022,12,BA,144.6
2022,12,CE,150.0
2022,12,MA,104.3
2022,12,PB,109.1
2022,12,PE,89.6
2022,12,PI,143.9
2022,12,RN,80.9
2022,12,SE,138.0
2022,12,GO,311.0
2022,12,MS,315.0
2022,12,MT,230.2
2022,12,ES,201.2
2022,12,MG,137.6
2022,12,RJ,236.4
2022,12,SP,261.5
2022,12,PR,203.7
2022,12,RS,239.9
2022,12,SC,325.4
2023,1,AC,520.7
2023,1,AM,317.8
2023,1,AP,416.2
2023,1,PA,301.6
2023,1,RO,272.6
2023,1,RR,531.6
2023,1,TO,502.6
2023,1,AL,154.6
2023,1,BA,81.8
2023,1,CE,163.2
2023,1,MA,121.7
2023,1,PB,111.9
2023,1,PE,132.8
2023,1,PI,86.2
2023,1,RN,154.3
2023,1,SE,136.4
2023,1,GO,179.8
2023,1,MS,180.1
2023,1,MT,179.4
2023,1,ES,134.3
2023,1,MG,222.6
2023,1,RJ,264.6
2023,1,SP,127.7
2023,1,PR,163.6
2023,1,RS,270.9
2023,1,SC,321.4
2023,2,AC,344.6
2023,2,AM,351.9
2023,2,AP,430.8
2023,2,PA,327.7
2023,2,RO,248.5
2023,2,RR,475.3
2023,2,TO,440.2
2023,2,AL,136.3
2023,2,BA,152.7
2023,2,CE,145.9
2023,2,MA,97.9
2023,2,PB,112.9
2023,2,PE,89.7
2023,2,PI,90.1
2023,2,RN,146.0
2023,2,SE,164.7
2023,2,GO,328.8
2023,2,MS,264.6
2023,2,MT,179.3
2023,2,ES,142.4
2023,2,MG,260.1
2023,2,RJ,221.1
2023,2,SP,227.7
2023,2,PR,313.6
2023,2,RS,297.6
2023,2,SC,324.5
2023,3,AC,258.0
2023,3,AM,479.2
2023,3,AP,512.3
2023,3,PA,331.6
2023,3,RO,444.9
2023,3,RR,340.5
2023,3,TO,546.6
2023,3,AL,80.2
2023,3,BA,136.2
2023,3,CE,93.8
2023,3,MA,149.7
2023,3,PB,94.8
2023,3,PE,100.9
2023,3,PI,127.4
2023,3,RN,170.5
2023,3,SE,98.5
2023,3,GO,171.7
2023,3,MS,289.7
2023,3,MT,240.1
2023,3,ES,276.5
2023,3,MG,149.2
2023,3,RJ,232.3
2023,3,SP,163.6
2023,3,PR,185.7
2023,3,RS,293.6
2023,3,SC,275.2
2023,4,AC,301.0
2023,4,AM,211.9
2023,4,AP,239.6
2023,4,PA,231.1
2023,4,RO,346.8
2023,4,RR,208.4
2023,4,TO,209.0
2023,4,AL,70.7
2023,4,BA,84.1
2023,4,CE,64.1
2023,4,MA,106.6
2023,4,PB,65.0
2023,4,PE,105.3
2023,4,PI,54.6
2023,4,RN,90.0
2023,4,SE,106.0
2023,4,GO,110.2
2023,4,MS,206.2
2023,4,MT,144.3
2023,4,ES,176.4
2023,4,MG,148.4
2023,4,RJ,109.4
2023,4,SP,97.6
2023,4,PR,134.9
2023,4,RS,107.9
2023,4,SC,114.4
2023,5,AC,170.9
2023,5,AM,234.6
2023,5,AP,309.1
2023,5,PA,178.3
2023,5,RO,176.1
2023,5,RR,278.7
2023,5,TO,189.4
2023,5,AL,54.2
2023,5,BA,58.7
2023,5,CE,107.1
2023,5,MA,100.6
2023,5,PB,70.7
2023,5,PE,90.0
2023,5,PI,82.4
2023,5,RN,91.3
2023,5,SE,91.7
2023,5,GO,165.4
2023,5,MS,121.9
2023,5,MT,94.7
2023,5,ES,125.4
2023,5,MG,170.7
2023,5,RJ,137.2
2023,5,SP,164.6
2023,5,PR,222.9
2023,5,RS,116.9
2023,5,SC,184.5
2023,6,AC,142.4
2023,6,AM,173.0
2023,6,AP,173.6
2023,6,PA,143.7
2023,6,RO,99.4
2023,6,RR,154.9
2023,6,TO,85.7
2023,6,AL,49.0
2023,6,BA,53.1
2023,6,CE,36.3
2023,6,MA,44.2
2023,6,PB,37.8
2023,6,PE,38.0
2023,6,PI,33.9
2023,6,RN,48.4
2023,6,SE,54.0
2023,6,GO,101.4
2023,6,MS,55.5
2023,6,MT,97.5
2023,6,ES,77.3
2023,6,MG,52.1
2023,6,RJ,42.5
2023,6,SP,52.9
2023,6,PR,106.4
2023,6,RS,88.5
2023,6,SC,94.1
2023,7,AC,100.7
2023,7,AM,146.9
2023,7,AP,77.8
2023,7,PA,112.5
2023,7,RO,137.7
2023,7,RR,89.6
2023,7,TO,157.3
2023,7,AL,31.5
2023,7,BA,44.9
2023,7,CE,37.0
2023,7,MA,43.1
2023,7,PB,27.4
2023,7,PE,24.5
2023,7,PI,53.1
2023,7,RN,32.6
2023,7,SE,50.2
2023,7,GO,105.0
2023,7,MS,57.7
2023,7,MT,60.9
2023,7,ES,73.5
2023,7,MG,89.2
2023,7,RJ,86.6
2023,7,SP,65.1
2023,7,PR,98.9
2023,7,RS,56.7
2023,7,SC,110.6
2023,8,AC,171.4
2023,8,AM,91.4
2023,8,AP,104.9
2023,8,PA,85.0
2023,8,RO,102.2
2023,8,RR,156.6
2023,8,TO,112.8
2023,8,AL,26.8
2023,8,BA,35.0
2023,8,CE,55.4
2023,8,MA,44.1
2023,8,PB,37.3
2023,8,PE,29.3
2023,8,PI,55.6
2023,8,RN,50.3
2023,8,SE,33.0
2023,8,GO,49.2
2023,8,MS,48.4
2023,8,MT,52.2
2023,8,ES,69.2
2023,8,MG,87.3
2023,8,RJ,64.8
2023,8,SP,82.8
2023,8,PR,76.5
2023,8,RS,93.3
2023,8,SC,94.8
2023,9,AC,184.8
2023,9,AM,222.2
2023,9,AP,277.5
2023,9,PA,164.1
2023,9,RO,222.3
2023,9,RR,257.0
2023,9,TO,349.2
2023,9,AL,78.4
2023,9,BA,100.2
2023,9,CE,75.7
2023,9,MA,99.0
2023,9,PB,86.1
2023,9,PE,104.7
2023,9,PI,74.3
2023,9,RN,86.7
2023,9,SE,88.3
2023,9,GO,140.1
2023,9,MS,107.3
2023,9,MT,101.2
2023,9,ES,79.7
2023,9,MG,168.8
2023,9,RJ,102.6
2023,9,SP,100.0
2023,9,PR,190.2
2023,9,RS,137.0
2023,9,SC,160.8
2023,10,AC,182.5
2023,10,AM,341.9
2023,10,AP,320.3
2023,10,PA,322.8
2023,10,RO,231.4
2023,10,RR,302.5
2023,10,TO,178.8
2023,10,AL,48.6
2023,10,BA,49.3
2023,10,CE,85.5
2023,10,MA,77.1
2023,10,PB,81.2
2023,10,PE,48.5
2023,10,PI,75.1
2023,10,RN,94.0
2023,10,SE,76.3
2023,10,GO,177.9
2023,10,MS,118.0
2023,10,MT,187.6
2023,10,ES,139.2
2023,10,MG,99.9
2023,10,RJ,102.6
2023,10,SP,143.3
2023,10,PR,202.2
2023,10,RS,149.2
2023,10,SC,129.1
2023,11,AC,323.4
2023,11,AM,283.9
2023,11,AP,239.6
2023,11,PA,247.6
2023,11,RO,190.9
2023,11,RR,275.4
2023,11,TO,221.7
2023,11,AL,111.7
2023,11,BA,78.7
2023,11,CE,79.1
2023,11,MA,84.2
2023,11,PB,106.7
2023,11,PE,99.3
2023,11,PI,76.9
2023,11,RN,94.0
2023,11,SE,85.5
2023,11,GO,149.1
2023,11,MS,113.1
2023,11,MT,145.7
2023,11,ES,103.6
2023,11,MG,173.1
2023,11,RJ,112.9
2023,11,SP,177.0
2023,11,PR,164.2
2023,11,RS,176.8
2023,11,SC,165.5
2023,12,AC,281.4
2023,12,AM,360.3
2023,12,AP,271.7
2023,12,PA,439.3
2023,12,RO,383.0
2023,12,RR,489.0
2023,12,TO,310.6
2023,12,AL,93.7
2023,12,BA,118.4
2023,12,CE,171.7
2023,12,MA,149.5
2023,12,PB,119.7
2023,12,PE,129.8
2023,12,PI,85.4
2023,12,RN,177.6
2023,12,SE,145.0
2023,12,GO,198.8
2023,12,MS,256.5
2023,12,MT,165.0
2023,12,ES,285.5
2023,12,MG,153.9
2023,12,RJ,232.6
2023,12,SP,165.6
2023,12,PR,300.6
2023,12,RS,312.7
2023,12,SC,291.5
2024,1,AC,436.6
2024,1,AM,525.6
2024,1,AP,265.2
2024,1,PA,345.9
2024,1,RO,319.5
2024,1,RR,556.2
2024,1,TO,364.6
2024,1,AL,151.8
2024,1,BA,146.9
2024,1,CE,98.5
2024,1,MA,101.3
2024,1,PB,105.6
2024,1,PE,118.9
2024,1,PI,100.8
2024,1,RN,78.8
2024,1,SE,166.8
2024,1,GO,329.4
2024,1,MS,209.6
2024,1,MT,209.0
2024,1,ES,126.0
2024,1,MG,238.0
2024,1,RJ,262.2
2024,1,SP,149.2
2024,1,PR,186.3
2024,1,RS,315.4
2024,1,SC,279.8
2024,2,AC,254.4
2024,2,AM,439.2
2024,2,AP,338.9
2024,2,PA,358.0
2024,2,RO,486.3
2024,2,RR,499.5
2024,2,TO,368.1
2024,2,AL,173.8
2024,2,BA,118.4
2024,2,CE,155.8
2024,2,MA,126.3
2024,2,PB,168.7
2024,2,PE,169.8
2024,2,PI,85.8
2024,2,RN,172.7
2024,2,SE,161.3
2024,2,GO,295.9
2024,2,MS,182.6
2024,2,MT,298.6
2024,2,ES,266.3
2024,2,MG,172.9
2024,2,RJ,283.3
2024,2,SP,133.1
2024,2,PR,184.3
2024,2,RS,263.7
2024,2,SC,271.5
2024,3,AC,446.4
2024,3,AM,245.4
2024,3,AP,547.3
2024,3,PA,254.3
2024,3,RO,285.8
2024,3,RR,244.5
2024,3,TO,421.4
2024,3,AL,172.3
2024,3,BA,145.0
2024,3,CE,161.0
2024,3,MA,78.2
2024,3,PB,132.3
2024,3,PE,123.9
2024,3,PI,127.9
2024,3,RN,84.2
2024,3,SE,146.9
2024,3,GO,240.6
2024,3,MS,290.9
2024,3,MT,237.2
2024,3,ES,149.7
2024,3,MG,232.7
2024,3,RJ,153.5
2024,3,SP,270.0
2024,3,PR,279.2
2024,3,RS,185.8
2024,3,SC,350.7
2024,4,AC,253.7
2024,4,AM,164.6
2024,4,AP,275.4
2024,4,PA,200.6
2024,4,RO,310.7
2024,4,RR,313.6
2024,4,TO,345.8
2024,4,AL,80.1
2024,4,BA,77.1
2024,4,CE,96.2
2024,4,MA,56.5
2024,4,PB,83.0
2024,4,PE,83.0
2024,4,PI,53.7
2024,4,RN,74.8
2024,4,SE,102.6
2024,4,GO,192.7
2024,4,MS,101.9
2024,4,MT,100.9
2024,4,ES,105.3
2024,4,MG,169.0
2024,4,RJ,91.4
2024,4,SP,152.9
2024,4,PR,108.9
2024,4,RS,175.8
2024,4,SC,141.6
2024,5,AC,307.8
2024,5,AM,196.7
2024,5,AP,277.8
2024,5,PA,197.1
2024,5,RO,292.7
2024,5,RR,324.7
2024,5,TO,175.4
2024,5,AL,103.5
2024,5,BA,86.0
2024,5,CE,56.1
2024,5,MA,75.4
2024,5,PB,58.3
2024,5,PE,92.8
2024,5,PI,96.6
2024,5,RN,54.8
2024,5,SE,80.4
2024,5,GO,187.8
2024,5,MS,202.3
2024,5,MT,151.6
2024,5,ES,176.8
2024,5,MG,133.7
2024,5,RJ,119.0
2024,5,SP,166.2
2024,5,PR,159.1
2024,5,RS,156.4
2024,5,SC,158.8
2024,6,AC,159.7
2024,6,AM,158.2
2024,6,AP,115.4
2024,6,PA,108.3
2024,6,RO,124.2
2024,6,RR,132.3
2024,6,TO,98.8
2024,6,AL,49.4
2024,6,BA,39.6
2024,6,CE,34.7
2024,6,MA,27.4
2024,6,PB,31.6
2024,6,PE,54.4
2024,6,PI,33.8
2024,6,RN,29.4
2024,6,SE,38.7
2024,6,GO,63.4
2024,6,MS,47.1
2024,6,MT,64.4
2024,6,ES,67.3
2024,6,MG,67.7
2024,6,RJ,57.5
2024,6,SP,62.3
2024,6,PR,109.8
2024,6,RS,72.2
2024,6,SC,64.5
2024,7,AC,99.3
2024,7,AM,120.8
2024,7,AP,151.0
2024,7,PA,95.6
2024,7,RO,145.9
2024,7,RR,77.1
2024,7,TO,116.9
2024,7,AL,48.8
2024,7,BA,34.8
2024,7,CE,42.0
2024,7,MA,30.6
2024,7,PB,47.7
2024,7,PE,25.7
2024,7,PI,51.3
2024,7,RN,30.3
2024,7,SE,52.0
2024,7,GO,66.2
2024,7,MS,88.4
2024,7,MT,64.2
2024,7,ES,86.1
2024,7,MG,45.6
2024,7,RJ,48.3
2024,7,SP,64.6
2024,7,PR,53.2
2024,7,RS,60.5
2024,7,SC,108.4
2024,8,AC,172.6
2024,8,AM,112.6
2024,8,AP,167.3
2024,8,PA,129.5
2024,8,RO,102.0
2024,8,RR,145.2
2024,8,TO,140.9
2024,8,AL,55.7
2024,8,BA,32.5
2024,8,CE,45.5
2024,8,MA,25.7
2024,8,PB,27.6
2024,8,PE,24.1
2024,8,PI,56.0
2024,8,RN,49.7
2024,8,SE,49.2
2024,8,GO,75.6
2024,8,MS,63.0
2024,8,MT,54.1
2024,8,ES,53.8
2024,8,MG,58.6
2024,8,RJ,78.3
2024,8,SP,67.1
2024,8,PR,53.0
2024,8,RS,49.2
2024,8,SC,54.5
2024,9,AC,232.1
2024,9,AM,336.6
2024,9,AP,277.5
2024,9,PA,310.4
2024,9,RO,243.3
2024,9,RR,222.3
2024,9,TO,171.7
2024,9,AL,104.1
2024,9,BA,98.1
2024,9,CE,58.8
2024,9,MA,80.8
2024,9,PB,79.2
2024,9,PE,88.0
2024,9,PI,108.6
2024,9,RN,85.1
2024,9,SE,82.6
2024,9,GO,96.0
2024,9,MS,97.5
2024,9,MT,112.5
2024,9,ES,81.4
2024,9,MG,155.3
2024,9,RJ,153.2
2024,9,SP,92.1
2024,9,PR,203.0
2024,9,RS,115.8
2024,9,SC,134.6
2024,10,AC,199.8
2024,10,AM,224.5
2024,10,AP,200.9
2024,10,PA,247.8
2024,10,RO,231.5
2024,10,RR,347.3
2024,10,TO,161.2
2024,10,AL,57.1
2024,10,BA,51.4
2024,10,CE,88.1
2024,10,MA,51.5
2024,10,PB,101.5
2024,10,PE,80.8
2024,10,PI,81.7
2024,10,RN,83.9
2024,10,SE,58.9
2024,10,GO,113.7
2024,10,MS,128.3
2024,10,MT,161.2
2024,10,ES,99.9
2024,10,MG,90.1
2024,10,RJ,178.9
2024,10,SP,80.3
2024,10,PR,198.7
2024,10,RS,196.9
2024,10,SC,134.0
2024,11,AC,177.1
2024,11,AM,179.1
2024,11,AP,289.5
2024,11,PA,278.6
2024,11,RO,306.5
2024,11,RR,337.5
2024,11,TO,288.4
2024,11,AL,58.0
2024,11,BA,63.6
2024,11,CE,101.9
2024,11,MA,61.4
2024,11,PB,52.6
2024,11,PE,93.0
2024,11,PI,73.8
2024,11,RN,106.9
2024,11,SE,89.6
2024,11,GO,100.9
2024,11,MS,203.7
2024,11,MT,121.0
2024,11,ES,113.1
2024,11,MG,119.8
2024,11,RJ,83.3
2024,11,SP,129.6
2024,11,PR,111.8
2024,11,RS,147.3
2024,11,SC,140.9
2024,12,AC,487.3
2024,12,AM,497.0
2024,12,AP,289.1
2024,12,PA,357.3
2024,12,RO,359.5
2024,12,RR,288.5
2024,12,TO,495.5
2024,12,AL,149.2
2024,12,BA,96.3
2024,12,CE,114.4
2024,12,MA,87.6
2024,12,PB,141.1
2024,12,PE,89.2
2024,12,PI,177.8
2024,12,RN,156.7
2024,12,SE,116.8
2024,12,GO,255.1
2024,12,MS,319.0
2024,12,MT,250.4
2024,12,ES,153.8
2024,12,MG,187.8
2024,12,RJ,265.1
2024,12,SP,232.0
2024,12,PR,286.9
2024,12,RS,331.1
2024,12,SC,336.7
